epoch,loss,step
4,2.2017862796783447,49
9,2.0384960174560547,99
13,1.8469029664993286,149
18,1.6238230466842651,199
22,1.3735897541046143,249
27,1.1095744371414185,299
