epoch,loss,step
4,2.3694427013397217,49
9,2.1952929496765137,99
13,2.010321855545044,149
